keys,es
ACTION_TALK,Hablar con {name}
ACTION_INSPECT,Inspeccionar {name}
ACTION_USE,Usar {name}
OBJ_NAME_WELL,el pozo
OBJ_NAME_DESK,el escritorio
RESIDENT_ROSA_NAME,Rosa Benítez
RESIDENT_ROSA_ROLE,vecina referente
HUD_DAY,Día {day}
HUD_DAY_PROGRESS,jornada al {pct} %
HUD_PAUSED,· en pausa
MSG_WELCOME,Rosa espera junto al pozo. Tab: libreta · Esc: pausa
MSG_SAVE_AVAILABLE,Hay una partida guardada: Esc → Cargar partida
MSG_DAY_CLOSED,Terminó el Día {day}. El informe está en la libreta (Tab).
MSG_NEW_GAME,Nueva partida: Día 1.
PROJECT_WELL_REPAIR_NAME,Reparación del pozo
PROJECT_WELL_REPAIR_DESC,"Cambiar la bomba gastada, reponer el techo y conectar un tanque con canilla. Incluye materiales y mano de obra del contrato con Don Aurelio."
PROJECT_WELL_REPAIR_BENEFIT,Se paga una sola vez al aprobar. La nueva capacidad rige desde la jornada siguiente a terminar la obra.
DESK_TITLE,Escritorio · Fondo comunitario
DESK_TREASURY,Caja del fondo
DESK_TREASURY_NOTE,"Fondo aportado por los vecinos. Cada obra se paga completa, una sola vez, desde esta caja."
DESK_LEDGER,Movimientos recientes
DESK_LEDGER_EMPTY,Sin movimientos todavía.
LEDGER_LINE,Día {day} · {reason}
DESK_PROJECTS,Obra disponible
DESK_APPROVE,Aprobar reparación
DESK_CONFIRM_APPROVE,Confirmar: pagar {cost}
DESK_CONFIRM_HINT,Revisá el costo y volvé a pulsar para confirmar. Esc cancela.
DESK_CONFIRM_CANCELLED,Aprobación cancelada. No se movió dinero.
DESK_WORKS_NOTE,La obra termina al cierre del Día {day}. El pozo abastece la nueva capacidad desde el Día {next_day}.
DESK_CLOSE_DAY,Cerrar jornada
DESK_CLOSE_DAY_TOOLTIP,Ejecuta los pasos que faltan de la jornada con las mismas reglas del reloj.
DESK_CLOSE_DAY_HINT,Adelanta lo que falta del día: vencen las obras y se emite el informe.
DESK_LEAVE,Salir
ROW_CASH,Caja
ROW_AVAILABLE,Disponible para invertir
ROW_OPENING,Fondo inicial
ROW_COST,Costo inicial
ROW_DURATION,Plazo
ROW_BENEFIT,Beneficio esperado
ROW_CASH_AFTER,Caja después de aprobar
ROW_STATUS,Estado
ROW_WATER_TODAY,Agua hoy
VAL_DURATION,{days} jornada(s)
VAL_NOT_ENOUGH,fondos insuficientes
VAL_WATER_BENEFIT,agua para {before} → {after} personas ({cov_before} → {cov_after})
VAL_WATER_TODAY,{capacity} de {population} personas ({coverage})
STATUS_AVAILABLE,sin aprobar
STATUS_UNDER_CONSTRUCTION,en obra · termina al cierre del Día {day}
STATUS_COMPLETED,terminada el Día {day}
MSG_PROJECT_APPROVED,Aprobada: {name}. Se pagaron {cost}. La obra termina al cierre del Día {day}.
MSG_OPERATION_ALREADY_APPLIED,Esa operación ya se había procesado: no se volvió a cobrar.
ERR_INVALID_AMOUNT,El monto del pago no es válido.
ERR_INSUFFICIENT_FUNDS,Faltan {missing} disponibles: la obra cuesta {cost} y hay {available} disponibles.
ERR_MISSING_OPERATION_KEY,Falta la clave de operación del comando.
ERR_UNKNOWN_PROJECT,No existe el proyecto «{id}».
ERR_NO_AUTHORITY,Tu cargo actual no tiene autoridad para aprobar esta obra.
ERR_PROJECT_UNDER_CONSTRUCTION,{name} ya está en obra: no se puede aprobar otra vez.
ERR_PROJECT_COMPLETED,{name} ya está terminada.
ERR_SITE_BUSY,Ese lugar ya tiene otra obra en curso.
INSPECT_NOTHING,No hay nada que inspeccionar.
INSPECT_WELL_TITLE,Pozo comunitario
INSPECT_WELL_STATUS_BROKEN,"La bomba está gastada, el techo se cayó y el tanque viejo pierde. Sale poca agua y hay que hacer turnos."
INSPECT_WELL_STATUS_WORKS,Don Aurelio y su ayudante cambian la bomba. Hay materiales y una cinta de obra alrededor.
INSPECT_WELL_STATUS_DONE,"Bomba nueva, techo repuesto y tanque con canilla. Reparado el Día {day}."
INSPECT_WELL_SERVICE_TODAY,Servicio de agua · Día {day}
ROW_WATER_CAPACITY,Capacidad
ROW_WATER_DEMAND,Demanda
ROW_WATER_COVERAGE,Cobertura
VAL_PEOPLE_PER_DAY,{n} personas por jornada
VAL_PEOPLE,{n} personas
INSPECT_WELL_HINT,"Reparación posible desde el escritorio de la oficina: {cost}, plazo {days} jornada(s), capacidad {capacity_after} personas."
INSPECT_WELL_WORKS_HINT,Termina al cierre del Día {day}. Desde el Día {next_day}: {capacity_after} personas.
REPORT_TITLE,Informe · cierre del Día {day}
REPORT_NONE,Todavía no hay informes.
REPORT_MONEY,Dinero de la jornada
REPORT_WATER,Agua
REPORT_COMMUNITY,Reacción de la comunidad
ROW_CASH_START,Caja al empezar
ROW_INCOME,Ingresos
ROW_PAYMENTS,Pagos
ROW_PAYMENT_LINE,Pago · {reason}
ROW_CASH_END,Caja al cerrar
ROW_WATER_SERVED,Personas abastecidas
VAL_WATER_SERVED,{served} de {demand} ({coverage})
ROW_WATER_TOMORROW,Capacidad desde mañana
REPORT_PROJECT_DONE,Obra terminada: {name}. Opera desde el Día {day} con capacidad para {capacity} personas.
REACTION_WATER_CRITICAL,Las filas en el pozo duran horas. Muchas familias cargan bidones desde la cañada y Rosa organiza turnos.
REACTION_WATER_PARTIAL,"El agua alcanza para la mayoría, pero algunas familias siguen esperando turno."
REACTION_WATER_OK,El agua alcanza para todas las familias. Ya no hacen falta turnos en el pozo.
REACTION_WELL_IN_PROGRESS,"Los vecinos se acercan a mirar la obra del pozo. Hay expectativa, aunque hoy el agua siguió sin alcanzar."
REACTION_WELL_DONE,Se corre la voz: el pozo arreglado abastecerá a todo el asentamiento desde mañana.
MSG_AUTOSAVED,Autoguardado al cerrar la jornada.
NOTEBOOK_TITLE,Libreta · Día {day}
NOTEBOOK_OBJECTIVES,Pendientes
OBJ_TALK_ROSA,"Hablar con Rosa, la vecina que espera junto al pozo"
OBJ_INSPECT_WELL,Inspeccionar el pozo para conocer su capacidad
OBJ_APPROVE_REPAIR,Aprobar la reparación en el escritorio de la oficina
OBJ_CLOSE_DAY,Cerrar la jornada desde el escritorio (o esperar a que termine) para completar la obra
OBJ_SEE_RESULT,Volver al pozo e inspeccionar el resultado
NOTEBOOK_NO_REPORT,Todavía no cerró ninguna jornada. El informe aparecerá acá.
NOTEBOOK_CONTROLS,"WASD caminar · Shift correr · E interactuar · Tab libreta · Esc pausa, guardar y cargar"
PAUSE_TITLE,Pausa
PAUSE_RESUME,Continuar
PAUSE_SAVE,Guardar partida
PAUSE_LOAD,Cargar partida
PAUSE_SETTINGS,Ajustes
PAUSE_NEW_GAME,Nueva partida
PAUSE_NEW_GAME_CONFIRM,Confirmar: empezar de cero (no borra el guardado)
PAUSE_QUIT,Salir del juego
PAUSE_SAVE_LOCATION,Las partidas se guardan en {path}
SETTINGS_TITLE,Ajustes
SETTINGS_SENSITIVITY,Sensibilidad del mouse
SETTINGS_FOV,Campo de visión
SETTINGS_INVERT_Y,Invertir eje vertical
SETTINGS_VOLUME_MASTER,Volumen general
SETTINGS_VOLUME_AMBIENT,Volumen de ambiente
SETTINGS_VOLUME_EFFECTS,Volumen de efectos
SETTINGS_FOV_NOTE,"El campo de visión es horizontal, medido sobre una pantalla 16:9."
UI_CLOSE,Cerrar
UI_BACK,Volver
UI_CONTINUE,Continuar
MSG_SAVED,Partida guardada (Día {day}).
MSG_LOADED,Partida cargada (Día {day}).
MSG_LOADED_FROM_BACKUP,El guardado principal no se pudo leer ({error}). Se cargó la copia anterior.
ERR_NO_SAVE,No hay ninguna partida guardada todavía.
MSG_CURRENT_GAME_KEPT,La partida actual sigue intacta.
ERR_SAVE_DIR,No se pudo crear la carpeta de guardado: {error}.
ERR_SAVE_WRITE,No se pudo escribir el guardado: {error}. La partida anterior se conserva.
ERR_SAVE_VERIFY,El guardado no pasó la verificación ({error}). No se reemplazó el anterior.
ERR_LOAD_OPEN,No se pudo abrir el guardado: {error}.
ERR_LOAD_CORRUPT,El guardado está dañado ({error}).
ERR_LOAD_FUTURE,El guardado es de una versión más nueva del juego ({error}). No se abrió.
ERR_LOAD_INVALID,El guardado tiene {count} problema(s): {error}
SIGN_OFFICE,OFICINA COMUNITARIA
SIGN_OFFICE_BOARD,ASAMBLEA DOMINGO 10 H
SIGN_STORE,ALMACÉN LA ESPERANZA
SIGN_STORE_CLOSED,Cerrado · vuelvo enseguida
SIGN_PLAZA_NOTICE,"FONDO COMUNITARIO
Cuentas claras en la oficina.
Prioridad: el agua."
SIGN_ACCESS_CUT,"CAMINO EN MAL ESTADO
No pasan vehículos"
SIGN_WELL_BROKEN,"POZO
Bomba averiada · agua para {capacity} personas"
SIGN_WELL_WORKS,"OBRA: REPARACIÓN DEL POZO
Fondo comunitario · termina el Día {day}"
SIGN_WELL_DONE,"POZO COMUNITARIO
Reparado el Día {day} · agua para {capacity} personas"
DLG_ROSA_INTRO,"Buenas. Usted es quien se ocupa ahora de la oficina, ¿no? El pozo no da abasto: con suerte alcanza para {capacity} personas y acá somos {population}. Hay familias que cargan bidones desde la cañada."
DLG_ROSA_PUMP_DETAIL,"La bomba está gastada y el techito se cayó con el último viento. Don Aurelio dice que con {well_cost} entre repuestos y mano de obra queda andando para {capacity_after} personas. Vaya a mirarlo, está acá nomás."
DLG_ROSA_PROMISE,Se lo agradezco. En la oficina está el escritorio con la caja del fondo. Ojalá alcance; la gente está cansada de esperar.
DLG_ROSA_WAITING_PROMISED,¿Y? ¿Pudo ver lo del pozo? La gente me sigue preguntando y yo les dije que usted se iba a ocupar.
DLG_ROSA_WAITING,"El pozo sigue igual. Si se decide, en la oficina están las cuentas del fondo."
DLG_ROSA_IN_PROGRESS,"¡Vi llegar los materiales! Don Aurelio dice que hoy termina. Si es así, mañana cargamos agua sin hacer fila."
DLG_ROSA_DONE_PROMISED,¡Mire el agua que sale! Dijo que lo iba a arreglar y cumplió. Ahora puedo dejar de anotar turnos para el balde.
DLG_ROSA_DONE,El pozo anda otra vez. Agua para todos... no me lo esperaba tan rápido.
DLG_ROSA_NEXT_NEEDS,"Ahora que hay agua, lo que más se escucha es el camino de entrada, que se vuelve barro cuando llueve. Y los chicos no tienen dónde estudiar. Pero de a una cosa por vez."
DLG_OPT_WHATS_WRONG,¿Qué le pasa al pozo?
DLG_OPT_PROMISE,Voy a ver qué se puede hacer.
DLG_OPT_NOT_NOW,"Ahora no puedo, disculpe."
DLG_OPT_THINK,Lo voy a pensar.
DLG_OPT_BYE,"Hasta luego, Rosa."
DLG_OPT_WHAT_NEXT,Me alegra. ¿Qué más hace falta en el barrio?
